Name,Team,MoP,Age,Nationality
Abdul Aziz Lutfi Akbar,PERSIS Solo,217,31,Indonesia
Abdul Rahman,PSM Makassar,762,22,Indonesia
Abrizal Umanailo,PERSITA Tangerang,214,28,Indonesia
Achmad Figo Ramadani,PSS Sleman,1125,23,Indonesia
Achmad Jufriyanto Tohir,PERSIB Bandung,2,38,Indonesia
Achmad Maulana Syarif,AREMA FC,2176,22,Indonesia
Achmad Subagja Baasith,Malut United FC,113,28,Indonesia
Achmad Zidan Arrosyid,PSS Sleman,41,18,Indonesia
Achmat Fahrul Aditia,PSM Makassar,251,21,Indonesia
Adam Alis Setyano,PERSIB Bandung,1827,31,Indonesia
Adhitya Harlan,Madura United FC,584,37,Indonesia
Adilson Aguero dos Santos,Bali United FC,2610,34,Brazil
Adilson Gancho Da Silva,PSM Makassar,531,27,Portugal
Aditiya Daffa Al Haqi,PS Barito Putera,1095,21,Indonesia
Aditya Warman,PERSIJA Jakarta,52,20,Indonesia
Adriano Duarte Castanheira,Malut United FC,1970,32,Portugal
Ady Eko Jayanto,PERSIK Kediri,1017,31,Indonesia
Ady Setiawan,Dewa United FC,369,30,Indonesia
Agil Munawar,PERSIK Kediri,106,28,Indonesia
Agung Mannan,Bali United FC,205,26,Indonesia
Agung Mannan,Dewa United FC,10,26,Indonesia
Ahmad Agung Setia Budi,PERSIB Bandung,64,29,Indonesia
Ahmad Agung Setia Budi,PERSIK Kediri,26,29,Indonesia
Ahmad Fahd Alchoir,PERSITA Tangerang,520,21,Indonesia
Ahmad Nufiandani,Dewa United FC,1219,30,Indonesia
Ahmad Nur Hardianto,PERSITA Tangerang,1281,30,Indonesia
Ahmad Nuri Fasya,PERSIK Kediri,990,26,Indonesia
Ahmad Rusadi,Madura United FC,1155,22,Indonesia
Ahmad Syiha Buddin,PSIS Semarang,500,24,Indonesia
Ahmad Wadil Aryadi Abidin,Malut United FC,636,21,Indonesia
Aji Kusuma,PERSITA Tangerang,769,26,Indonesia
Akbar Tanjung,PSM Makassar,2497,32,Indonesia
Al Hamra Hehanussa,PERSIK Kediri,2484,25,Indonesia
Alan José Bernardon,PSS Sleman,2839,30,Brazil
Albertine Joao Pereira ,PSM Makassar,1034,28,Guinea-Bissau
Alberto Goncalves Da Costa,PSBS Biak,746,44,Indonesia
Aldhila Ray Redondo,Malut United FC,450,29,Indonesia
Alex Martins Ferreira,Dewa United FC,2198,31,Brazil
Alexis Nahuel Messidoro,Dewa United FC,2707,28,Argentina
Alexsandro dos Ferreira Santos,PSBS Biak,2593,28,Indonesia
Alfan Suaib,PERSEBAYA Surabaya,341,21,Indonesia
Alfeandra Dewangga Santosa,PSIS Semarang,2200,23,Indonesia
Alfriyanto Nico Saputro,Dewa United FC,1670,22,Indonesia
Alhaji Gero,PS Barito Putera,775,31,Nigeria
Alhassan Wakaso,Semen Padang FC,981,33,Ghana
Aloísio Soares Neto,PSM Makassar,2626,27,Brazil
Altalariq Erfa Aqsal Ballah,Dewa United FC,2384,24,Indonesia
Althaf Indie Alrizky,PERSIS Solo,2247,22,Indonesia
Amiruddin Bagas Kaffa Arrizqi,PS Barito Putera,1159,23,Indonesia
Amiruddin Bagus Kahfi Alfikri,PS Barito Putera,619,23,Indonesia
Ananda Raehan Alief,PSM Makassar,1377,21,Indonesia
Anderson do Nascimento Carneiro,PS Barito Putera,1350,32,Brazil
Andhika Ramadhani,PERSEBAYA Surabaya,919,26,Indonesia
Andi Irfan,Madura United FC,1048,24,Indonesia
Andre Oktaviansyah,PERSEBAYA Surabaya,329,22,Indonesia
Andrean Benyamin Rindorindo,PERSITA Tangerang,446,21,Indonesia
Andriano Saputra,PERSITA Tangerang,133,21,Indonesia
Andritany Ardhiyasa,PERSIJA Jakarta,1513,33,Indonesia
Angelo Rafael Teixeira Alpoim Meneses,Dewa United FC,2532,31,Portugal
Angga Saputro,Borneo FC Samarinda,391,31,Indonesia
Arapenta Lingka Poerba,Dewa United FC,358,26,Indonesia
Ardi Idrus,PERSEBAYA Surabaya,2206,32,Indonesia
Arief Catur Pamungkas,PERSEBAYA Surabaya,2303,25,Indonesia
Ariel Geraldo Nahuelpan Osten,PSBS Biak,684,37,Argentina
Arif Setiawan,PERSITA Tangerang,296,28,Indonesia
Arjuna Agung,PSBS Biak,323,21,Indonesia
Arkhan Fikri,AREMA FC,2409,20,Indonesia
Arkhan Kaka Putra Purwanto,PERSIS Solo,489,17,Indonesia
Armando Obet Oropa,PSBS Biak,641,21,Indonesia
Arsa Ramadhan Ahmad,Madura United FC,530,21,Indonesia
Arthur Augusto da Silva,Semen Padang FC,1440,25,Brazil 
Asep Berlian,Dewa United FC,9,34,Indonesia
Asgal Habib Altarik,Borneo FC Samarinda,3,20,Indonesia
Ayom Majok ,PERSITA Tangerang,375,22,Sudan Selatan
Azyah Nur Faizin Madilesa,PSIS Semarang,4,19,Indonesia
Bagas Adi Nugroho,Bali United FC,349,28,Indonesia
Barnabas Sobor,PSBS Biak,46,22,Indonesia
Bayu Aji,AREMA FC,226,25,Indonesia
Bayu Gatra Sanggi Awan,Semen Padang FC,274,33,Indonesia
Bayu Pradana Andriatmoko,PS Barito Putera,1369,34,Indonesia
Bayu Setiawan,AREMA FC,1310,26,Indonesia
Beckham Putra Nugraha,PERSIB Bandung,1734,24,Indonesia
Bima Reksa,Semen Padang FC,747,25,Indonesia
Boris Kopitovic,Bali United FC,1295,30,Serbia
Boubakary Diarra,PSIS Semarang,2284,31,France
Braif Fatari,PERSIS Solo,274,23,Indonesia
Brandon James Wilson,Bali United FC,2495,28,Botswana
Brandon Marsel Scheunemann,AREMA FC,3,20,Indonesia
Brandon Marsel Scheunemann,PSIS Semarang,2,20,Indonesia
Brayan Edinson Angulo ,Madura United FC,804,31,Kolombia
Brendon Lucas da Silva Estevam,PERSIK Kediri,1624,30,Brazil
Brian Fatari,Dewa United FC,1135,25,Indonesia
Bruno da Cruz,PERSITA Tangerang,617,29,Brazil
Bruno De Araujo Dybal,Semen Padang FC,557,31,Brazil
Bruno Gomes de Oliveira Conceição,Semen Padang FC,1439,28,Brazil 
Bruno Moreira Soares,PERSEBAYA Surabaya,2733,26,Brazil
Carlos Eduardo Soares Mota,PERSIJA Jakarta,1544,33,Brazil
Carlos Filipe Fonseca Chaby,Semen Padang FC,1025,31,Portugal
Cássio Fernando Scheid,Malut United FC,1219,31,Brazil
Chang Jin Moon,PSS Sleman,772,31,Korea
Charisma Fathoni,PERSITA Tangerang,421,24,Indonesia
Charles Lokoli Ngoy,AREMA FC,2250,28,Australia
Charlie Thomas Scott,Semen Padang FC,428,27,England
Chi Sung Moon,PS Barito Putera,992,25,Indonesia
Choi Bokyun,AREMA FC,1191,37,Indonesia
Christian Mangaron Rontini,Madura United FC,227,25,Philippines
Christophe Nduwarugira,Borneo FC Samarinda,2843,30,Burundi
Ciro Henrique Alves Ferreira E Silva,PERSIB Bandung,2570,36,Brazil
Cleberson Martins de Souza,PSS Sleman,2674,32,Brazil
Cloudio Faiera Mutzi,PSS Sleman,7,21,Indonesia
Cois Artomoro Raya,PERSITA Tangerang,19,22,Indonesia
Cornelius Ezekiel Stewart,Semen Padang FC,2253,35,Saint Vincent and the Grenadines
Cristian Gabriel Esparza,PSBS Biak,67,32,Argentina
D. Febriato M. Uopmabin,PSBS Biak,2390,23,Indonesia
Daffa Fasya Sumawijaya,Borneo FC Samarinda,180,21,Indonesia
Dafiq Firdaus,PERSITA Tangerang,47,20,Indonesia
Daisuke Sakai,PSM Makassar,2178,28,Japan
Dalberto Luan Belo,AREMA FC,2601,30,Brazil
Damianus Adiman Putra,PSBS Biak,766,21,Indonesia
Dani Saputra,Dewa United FC,77,18,Indonesia
Danilo Almeida Alves,PSS Sleman,850,34,Brazil
David Aparecido Da Silva,PERSIB Bandung,1292,35,Brazil
Dede Sapari,PERSIK Kediri,1100,21,Indonesia
Dedi Kusnandar,PERSIB Bandung,889,33,Indonesia
Dedik Setiawan,AREMA FC,1346,30,Indonesia
Dejan Tumbas,PERSEBAYA Surabaya,1285,25,Serbia
Delfin Rumbino,PSIS Semarang,136,29,Indonesia
Dendy Santoso,AREMA FC,636,35,Indonesia
Dewa Erlangga Sapalas,Semen Padang FC,73,19,Indonesia
Dia Syayid Alhawari,PSS Sleman,613,20,Indonesia
Dicki Agung Setiawan,AREMA FC,91,26,Indonesia
Didik Wahyu Wijayance,PERSIK Kediri,74,31,Indonesia
Diego Máximo Martínez,Malut United FC,1964,29,Paraguay
Diego Robbie Michiels,Borneo FC Samarinda,343,34,Indonesia
Dika Kuswardani,Borneo FC Samarinda,245,22,Indonesia
Dillan Yabran Rinaldi,Bali United FC,1,19,Indonesia
Dimas Roni  Saputra,Semen Padang FC,371,28,Indonesia
Dimas Sukarno Putra,PSM Makassar,8,24,Indonesia
Dime Dimov,PERSEBAYA Surabaya,1332,30,Makedonia Utara
Dodi Alexvan Djin,Semen Padang FC,2427,26,Indonesia
Dominikus Dion Oktawiawan Wibowo,PSS Sleman,2019,20,Indonesia
Donni Harold Monim,PSBS Biak,244,32,Indonesia
Dony Tri Pamungkas,PERSIJA Jakarta,821,20,Indonesia
Dwi Geno Nofiansyah,Semen Padang FC,650,24,Indonesia
Eber Henrique Ferreira De Bessa,PERSITA Tangerang,1087,33,Brazil
Eduardo Lecke Kunde,PERSIS Solo,1566,27,Brazil
Ega Rizky Pramana,PSS Sleman,131,32,Indonesia
Egy Maulana Vikri,Dewa United FC,2288,24,Indonesia
Eksel Timothy Joseph Runtukahu,PS Barito Putera,989,26,Indonesia
Eky Taufik Febrianto,PERSIS Solo,1316,34,Indonesia
Ernando Ari Sutaryadi,PERSEBAYA Surabaya,2140,23,Indonesia
Esal Shahrul Muhrom,PERSITA Tangerang,580,22,Indonesia
Evan Dimas Darmono,PERSIK Kediri,23,30,Indonesia
Evandro Elmer de Carvalho Brandão,PSIS Semarang,444,34,Portugal
Everton Nascimento de Mendonça,Bali United FC,1583,31,Brazil
Ezra Harm Ruud Walian,PERSIK Kediri,1546,27,Indonesia
Fabiano Da Rosa Beltrame,PSBS Biak,2214,42,Indonesia
Fachrudin Wahyudi Aryanto,PSS Sleman,2121,36,Indonesia
Facundo Walter Aranda ,PERSIS Solo,552,25,Argentina
Fahreza Sudin,PERSITA Tangerang,771,24,Indonesia
"Faris Aditama, S.pd",PERSIK Kediri,115,37,Indonesia
Febri Hariyadi,PERSIB Bandung,115,29,Indonesia
Febrian Tri Yanto,Madura United FC,100,21,Indonesia
Feby Eka Putra,Dewa United FC,413,26,Indonesia
Feby Ramzy Wirawan,Madura United FC,270,23,Indonesia
Ferdiansyah Cecep,PERSIB Bandung,108,21,Indonesia
Ferdiyansyah,PS Barito Putera,247,25,Indonesia
Ferian Rizki Maulana,Dewa United FC,1184,22,Indonesia
Fernando Jose Gomes Júnior,PSIS Semarang,422,30,Brazil
Finky Pasamba,Malut United FC,8,32,Indonesia
Firman Juliansyah,Semen Padang FC,1581,21,Indonesia
Firman Ramadhan,Malut United FC,843,21,Indonesia
Firza Andika,PERSIJA Jakarta,1915,26,Indonesia
Fitrul Dwi Rustapa,Bali United FC,450,29,Indonesia
Flabiola Soares,AREMA FC,15,26,Indonesia
Flavio António da Silva,PERSEBAYA Surabaya,2721,29,Portugal
Francisco Israel Rivera Dávalos,PERSEBAYA Surabaya,2495,30,Mexico
Francisco Pereira Carneiro,PERSIK Kediri,2444,25,Portugal
Frank Rikhart Sokoy,Madura United FC,377,27,Indonesia
Frank Rikhart Sokoy,PSBS Biak,113,27,Indonesia
Fransiskus Alesandro Nimo Olepue,PERSIS Solo,552,22,Indonesia
Fredyan Wahyu Sugiyantoro,Malut United FC,674,27,Indonesia
Frendi Saputra,Semen Padang FC,1017,33,Indonesia
Frets Listanto Butuan,Malut United FC,717,28,Indonesia
Gabriel Vinicius de Oliveira Furtado Balthazar,Borneo FC Samarinda,1729,25,Brazil
Gala Pagamo,Semen Padang FC,1237,18,Indonesia
Gavin Kwan Adsit,Borneo FC Samarinda,30,29,Indonesia
George Peter Brown,PERSITA Tangerang,104,25,Indonesia
Gervane Zjandric Adonnis Kastaneer,PERSIB Bandung,554,28,Curaçao
Ghardika Arya Putra,PERSIS Solo,26,24,Indonesia
Gian Zola Nasruloh Nugraha,PERSITA Tangerang,227,26,Indonesia
Gianluca Claudio Pandeynuwu,PERSIS Solo,630,27,Indonesia
Gilang Anugerah  Esa,Semen Padang FC,2,18,Indonesia
Gilang Oktavana Putra,PSS Sleman,36,22,Indonesia
Gildson Pablo de Oliveira Silva,AREMA FC,2208,30,Indonesia
Gilson Sequeira da Costa,PERSEBAYA Surabaya,1424,28,Portugal
Giovani Jorim Herzon Dacosta Numberi,PERSIS Solo,1351,25,Indonesia
Gonzalo Sebastian Andrada Acosta,PERSIS Solo,728,27,Uruguay
Gustavo Almeida dos Santos,PERSIJA Jakarta,2304,28,Brazil
Gustavo Henrique Barbosa Freire,PSS Sleman,2532,29,Brazil
Gustavo Moreno de Franca,PERSIB Bandung,2535,28,Brazil
Gustavo Moura e Souza,PSIS Semarang,555,28,Brazil
Habibi Abdul Jusuf,Borneo FC Samarinda,584,26,Indonesia
Hamzah Titofani Rivaldi,AREMA FC,266,22,Indonesia
Hanif Abdurrauf Sjahbandi,PERSIJA Jakarta,1965,28,Indonesia
Hanis Sagara Putra,Madura United FC,489,25,Indonesia
Hansamu Yama Pranata,PERSIJA Jakarta,1197,30,Indonesia
Hari Nur Yulianto,Malut United FC,176,35,Indonesia
Haudi Abdillah,Madura United FC,999,32,Indonesia
Hendro Siswanto,Borneo FC Samarinda,532,35,Indonesia
Henhen Herdiana,PERSIB Bandung,1060,29,Indonesia
Henry Matias Mier Codina,PS Barito Putera,1050,34,Uruguay
Herwin Tri Saputra,PSBS Biak,74,34,Indonesia
Hilman Syah,PSM Makassar,1214,28,Indonesia
Hokky Caraka Bintang Brilliant,PSS Sleman,1093,20,Indonesia
Hugo Gomes dos Santos Silva,Dewa United FC,2328,30,Brazil
Hugo Samir,PERSIK Kediri,655,20,Indonesia
Husna Al Malik Riwani Saputra,PERSIK Kediri,540,21,Indonesia
I Gusti Made Rendi Sanjaya Putra,PERSIS Solo,158,21,Indonesia
I Kadek Agung Widnyana Putra,Bali United FC,2109,26,Indonesia
I Komang Ananta Krisna Putra,Bali United FC,6,18,Indonesia
I Komang Dedi Nova Tri Gunawan,Bali United FC,1,21,Indonesia
I Made Andhika Pradana Wijaya,Bali United FC,1166,28,Indonesia
I Made Tito Wiratama,Bali United FC,824,21,Indonesia
Ibrahim Sanjaya,Madura United FC,1116,27,Indonesia
Ifan Nanda Pratama,PSS Sleman,525,24,Indonesia
Igor Carreira Rodrigues,PERSITA Tangerang,2520,30,Portugal
Ikechukwu Kenneth Ngwoke,Semen Padang FC,784,32,Nigeria
Ikhsan Nul Zikrak,Borneo FC Samarinda,470,22,Indonesia
Ikwan Ali Tanamal	,PERSITA Tangerang,1022,21,Indonesia
Ilham Rio Fahmi,PERSIJA Jakarta,1857,23,Indonesia
Ilham Zusril Mahendra,PS Barito Putera,60,28,Indonesia
Iran da Conceição Gonçalves Júnior,Madura United FC,1883,29,Brazil
Irfan Jauhari,PERSIS Solo,914,24,Indonesia
Irfan Jaya,Bali United FC,2359,29,Indonesia
Irkham Zahrul Mila,PSS Sleman,188,27,Indonesia
Irkham Zahrul Mila,Semen Padang FC,799,27,Indonesia
Irsan Rahman Lestaluhu,Malut United FC,4,25,Indonesia
Irsyad Maulana,PERSITA Tangerang,738,31,Indonesia
Jack Alan Brown,PERSITA Tangerang,650,23,Indonesia
Jaime José Moreno Ciorciari,PS Barito Putera,1141,30,Venezuela
Jaimerson Da Silva Xavier,Bali United FC,641,35,Brazil
Jaimerson Da Silva Xavier,PSBS Biak,578,35,Brazil
Jan Carlos Vargas Campos,Semen Padang FC,766,30,Chile
Javlon Guseynov,PERSITA Tangerang,2528,33,Uzbekistan
Jayus Hariono,AREMA FC,151,28,Indonesia
Jayus Hariono,PSS Sleman,933,28,Indonesia
Jeam Kelly Sroyer,PSBS Biak,1880,22,Indonesia
Jean Marie Privat Befolo Mbarga,Bali United FC,2704,33,Cameroon
Jesus María Meneses Sabater,Malut United FC,1385,30,Indonesia
Jesus María Meneses Sabater,PS Barito Putera,1129,30,Indonesia
Jhon Cley Jesus Silva Coelho,PERSIS Solo,1162,31,Brazil
Jhon Rericnal Pigai,PSBS Biak,2644,25,Indonesia
Joao Vitor Ferrari Silva,PSIS Semarang,3052,27,Brazil
Johan Ahmat Farizi,AREMA FC,2348,35,Indonesia
Jonata Felipe ,PSBS Biak,2724,25,Brazil
Jonathan Ezequiel Bustos,Malut United FC,309,30,Argentina
Jordy Hendrik Nicolaus Wehrmann,Madura United FC,2835,26,Netherlands
Jordy Soleman Gradus Tutuarima,PERSIS Solo,887,32,Belanda
Jorge Iván Correa,Malut United FC,1046,32,Argentina
Jose Brandao Gonçalves Júnior,Malut United FC,447,30,Brazil
José Cleylton de Morais dos Santos,PERSIS Solo,1093,32,Brazil
Jose Pedro Magalhaes Valente ,PERSIK Kediri,2306,31,Portugal
Julián Alberto Velázquez,PSBS Biak,2459,34,Argentina
Kadek Arel Priyatna,Bali United FC,1452,20,Indonesia
Kadek Lanang Agus Surya Artayana,Bali United FC,187,22,Indonesia
Kadek Raditya Maheswara,PERSEBAYA Surabaya,2241,25,Indonesia
Kakang Rudianto,PERSIB Bandung,1932,22,Indonesia
Karel Ridzald Iek,PSM Makassar,231,21,Indonesia
Karim Rossi,PERSIS Solo,711,31,Swiss
Kartika Vedhayanto Putra,Madura United FC,285,23,Indonesia
Kei Hirose,Borneo FC Samarinda,2661,29,Japan
Kenzo Nambu,Bali United FC,452,32,Japan
Kenzo Nambu,Borneo FC Samarinda,384,32,Japan
Kerim Palic,Madura United FC,948,28,Bosnia
Kevin Gomes De Oliveira,PSS Sleman,2455,26,Indonesia
Kevin Ray Mendoza Hansen,PERSIB Bandung,2327,31,Philippines
Kim Jeffrey Kurniawan,PSS Sleman,89,35,Indonesia
Kim Mingyu,Semen Padang FC,1625,25,South Korea
Koko Ari Araya,Madura United FC,2086,25,Indonesia
Komang Teguh Trisnanda,Borneo FC Samarinda,447,23,Indonesia
Komang Tri Arta Wiguna,Bali United FC,200,24,Indonesia
Krisna Bayu Otto Kartika,PERSIK Kediri,1357,26,Indonesia
Kurniawan Kartika Ajie,PERSITA Tangerang,540,28,Indonesia
Latyr Fall,PSM Makassar,2546,30,Senegal
Lautaro José Belleggia,PERSIS Solo,994,28,Argentina
Leo Guntara,Borneo FC Samarinda,2124,30,Indonesia
Leonardo Andriel dos Santos,Borneo FC Samarinda,1362,23,Japan
Leonardo Navacchio,PERSIK Kediri,2520,32,Brazil
Levy Clément Madinda,PS Barito Putera,2414,32,Gabon
Lucas Barreto,PSIS Semarang,2329,30,Brazil
Lucas Gama Moreira,PS Barito Putera,1080,31,Brazil
Lucas Henrique Frigeri,AREMA FC,2879,35,Brazil
Lucas Morelatto da Cruz,PS Barito Putera,2347,31,Brazil
Lucas Salinas Spinola ,Borneo FC Samarinda,60,29,Brazil
Luiz Marcelo Morais dos Reis,Madura United FC,2292,35,Brazil
M Anwar Rifa'i,AREMA FC,477,24,Indonesia
M Rio Saputro,Malut United FC,48,29,Indonesia
M. Rafly I. Selang,Malut United FC,46,20,Indonesia
Maciej Jacek Gajos,PERSIJA Jakarta,2584,34,Poland
Mailson Lima Duarte Lopes,PERSIB Bandung,430,30,Brazil
Majed Sobhi Osman,PERSIK Kediri,1883,30,Lebanon
Malik Risaldi,PERSEBAYA Surabaya,1753,28,Indonesia
Manahati Lestusen,Malut United FC,1741,31,Indonesia
Mansaray Victor Nabay,Malut United FC,546,28,United States of America
Maouri Ananda Yves Ramli Simon,Bali United FC,7,18,Indonesia
Marc Anthony Klok,PERSIB Bandung,2165,32,Indonesia
Marcelo Barbosa Junior,PERSITA Tangerang,243,33,Brazil
Marcelo Cirino da Silva,PSS Sleman,641,33,Brazil
Marckho Sandi Merauje,PSBS Biak,2276,30,Indonesia
Marco João Costa Baixinho,Semen Padang FC,134,35,Portugal
Mariano Ezequiel Peralta Bauer,Borneo FC Samarinda,2891,27,Argentina
Mario Jardel,PERSITA Tangerang,2715,24,Indonesia
Marios Ogkmpoe,PERSITA Tangerang,2178,30,Yunani
Mariyo Fabiyo Londok,PSBS Biak,180,27,Indonesia
Marko Simic,PERSIJA Jakarta,1314,37,Croatia
Marsel Yusuf Usemahu,Madura United FC,200,27,Indonesia
Mateo Kocijan,PERSIB Bandung,1574,30,Croatia
Matheus Antonio Souza dos Santos,Borneo FC Samarinda,957,29,Brazil
Matheus Vieira da Silva,PSM Makassar,250,27,Brazil
Maxuel de Cassio da Silva,Madura United FC,1382,25,Brazil
Melcior Leideker Majefat,Semen Padang FC,460,31,Indonesia
Melvis Uaga,PSBS Biak,3,23,Indonesia
Meshaal Hamzah Bashier Osman,PSBS Biak,103,20,Indonesia
Miftah Anwar Sani,Madura United FC,57,29,Indonesia
Miftah Anwar Sani,Semen Padang FC,280,29,Indonesia
Mikael Alfredo Tata,PERSEBAYA Surabaya,1015,21,Indonesia
Miljan Skrbic,Madura United FC,650,29,Serbia
Miswar Saputra,Madura United FC,1126,29,Indonesia
Mitsuru Maruoka,Bali United FC,1300,29,Japan
Mochamad Shulton Fajar,AREMA FC,404,31,Indonesia
Mochammad Diky Indriyana,Semen Padang FC,720,27,Indonesia
Mochammad Mierza Firjatullah,PERSIK Kediri,1,16,Indonesia
Mochammad Sandy Ferizal,PSIS Semarang,668,26,Indonesia
Mochammad Supriadi,PERSIK Kediri,192,23,Indonesia
Mochammad Zaenuri,PERSIS Solo,681,29,Indonesia
Moh. Sidik Saimima,Bali United FC,674,27,Indonesia
Mohammad Edo Febriansyah,PERSIB Bandung,2483,27,Indonesia
Mohammad Haykal Alhafiz,PSIS Semarang,1697,24,Indonesia
Mohammad Khanafi,PERSIK Kediri,1072,28,Indonesia
Mohammed Bassim Ahmed Rashid,PERSEBAYA Surabaya,2543,29,Palestine
Moussa Sidibe,PERSIS Solo,2251,30,Mali
Muchamad Wildan Ramdhani Nugraha,PSIS Semarang,568,26,Indonesia
Muh Mufli Hidayat,PSM Makassar,359,19,Indonesia
Muh. Dwiky Hardiansyah,Borneo FC Samarinda,367,21,Indonesia
Muhamad Firli,PS Barito Putera,1065,25,Indonesia
Muhamad Ilham Syah,Madura United FC,1265,25,Indonesia
Muhamad Kasim Botan,PERSEBAYA Surabaya,866,28,Indonesia
Muhamad Ridwan,Semen Padang FC,126,24,Indonesia
Muhamad Riyandi,PERSIS Solo,2340,25,Indonesia
Muhamad Zahaby Gholy,PERSIJA Jakarta,2,16,Indonesia
Muhammad Abduh Lestaluhu,PSS Sleman,1426,31,Indonesia
Muhammad Adi Satryo,PSIS Semarang,1394,23,Indonesia
Muhammad Adzikry Fadlillah,PERSIB Bandung,11,22,Indonesia
Muhammad Aimar Iskandar Alam,PS Barito Putera,188,21,Indonesia
Muhammad Akbar Arjunsyah,PERSIJA Jakarta,67,23,Indonesia
Muhammad Alfharezzi Buffon,Borneo FC Samarinda,263,19,Indonesia
Muhammad Alwi Fadilah,PERSIJA Jakarta,28,21,Indonesia
Muhammad Alwi Slamat,Malut United FC,1154,26,Indonesia
Muhammad Andy Harjito,Borneo FC Samarinda,12,23,Indonesia
Muhammad Ardiansyah,PSM Makassar,316,22,Indonesia
Muhammad Arham Darmawan,PSM Makassar,19,18,Indonesia
Muhammad Aulia Rahman Arif,PSIS Semarang,180,18,Indonesia
Muhammad Badrian Ilham,PERSITA Tangerang,959,22,Indonesia
Muhammad Bagus Nirwanto,Malut United FC,47,32,Indonesia
Muhammad Buyung Ismu Lessy,PS Barito Putera,744,27,Indonesia
Muhammad Daffa Salman Zahran Sidik,PSM Makassar,631,24,Indonesia
Muhammad Darel Valentino Erlangga,Malut United FC,240,20,Indonesia
Muhammad Dimas Drajad,PERSIB Bandung,673,28,Indonesia
Muhammad Dzaky Asraf Huwaidi,PSM Makassar,184,22,Indonesia
Muhammad Fahri,Malut United FC,1170,24,Indonesia
Muhammad Fajar Fathurrahman,Borneo FC Samarinda,2819,22,Indonesia
Muhammad Faqih Maulana,PERSIS Solo,578,20,Indonesia
Muhammad Faqih Maulana,PSIS Semarang,227,20,Indonesia
Muhammad Ferarri,PERSIJA Jakarta,1683,21,Indonesia
Muhammad Hidayat,PERSEBAYA Surabaya,31,29,Indonesia
Muhammad Iksan Lestaluhu ,AREMA FC,382,21,Indonesia
Muhammad Iqbal,Semen Padang FC,491,24,Indonesia
Muhammad Iqbal Gwijangge,PS Barito Putera,763,18,Indonesia
Muhammad Kemaluddin,Madura United FC,336,26,Indonesia
Muhammad Luthfi Kamal Baharsyah,Bali United FC,242,26,Indonesia
Muhammad Rafli,AREMA FC,475,26,Indonesia
Muhammad Rahmat,Bali United FC,737,36,Indonesia
Muhammad Ramadhan Sananta,PERSIS Solo,1616,22,Indonesia
Muhammad Rayhan Hannan,PERSIJA Jakarta,1011,21,Indonesia
Muhammad Reza Arya Pratama,PSM Makassar,1530,25,Indonesia
Muhammad Rezaldi Hehanusa,PERSIB Bandung,56,29,Indonesia
Muhammad Ridwan,Malut United FC,90,34,Indonesia
Muhammad Rifad Marasabessy,AREMA FC,485,25,Indonesia
Muhammad Riski Afrisal,Madura United FC,1037,19,Indonesia
Muhammad Rizky Darmawan,PSIS Semarang,247,31,Indonesia
Muhammad Rizky Eka Pratama,PSM Makassar,1739,25,Indonesia
Muhammad Salman Alfarid,PSBS Biak,696,23,Indonesia
Muhammad Sihran H Amarullah,Borneo FC Samarinda,571,26,Indonesia
Muhammad Tahir,PSBS Biak,1497,31,Indonesia
Muhammad Taufany Muslihuddin,Madura United FC,431,23,Indonesia
Muhammad Toha,PERSITA Tangerang,2964,28,Indonesia
Murilo Otávio Mendes,PS Barito Putera,1463,30,Brazil
Nadeo Arga Winata,Borneo FC Samarinda,2489,28,Indonesia
Natanael Siringo Ringo,PS Barito Putera,614,25,Indonesia
Nathan Ari Pramana,Bali United FC,55,18,Indonesia
Nazar Nurzaidin,PS Barito Putera,697,30,Indonesia
Nelson Alom,PSBS Biak,285,34,Indonesia
Nermin Haljeta,PSM Makassar,2482,27,Slovenia
Nick Anna Maria Francois Kuipers,PERSIB Bandung,2492,32,Netherlands
Nicolao Manuel Dumitru Cardoso,PSS Sleman,1669,33,Italy
Nor Halid,PS Barito Putera,801,27,Indonesia
Noriki Akada,Madura United FC,153,25,Japan
Novan Setya Sasongko,PS Barito Putera,1365,35,Indonesia
Novri Setiawan,Bali United FC,1808,31,Indonesia
Nur Diansyah,Madura United FC,717,26,Indonesia
Octovianus Otto Kapisa,PSBS Biak,134,28,Indonesia
Oktafianus Fernando,PERSEBAYA Surabaya,127,31,Indonesia
Ondrej Kudela,PERSIJA Jakarta,1941,38,Czechia
Ousmane Fane,PERSIK Kediri,1736,31,France
Pablo Abel Argañaraz Paradi,PSBS Biak,2093,26,Argentina
Pablo Andrade Plaza da Silva,PERSIJA Jakarta,821,31,Brazil
Paulo Domingos Gali Da Costa Freitas,PSIS Semarang,2288,20,Timor-Leste
Paulo Oktavianus Sitanggang,PSS Sleman,1517,29,Indonesia
Pedro Filipe Tinoco Monteiro,Madura United FC,2880,31,Portugal
Pedro Henrique Dias de Amorim,PERSIJA Jakarta,71,32,Brazil
Phil Ofosu Ayeh,PSS Sleman,724,33,Ghana
Pramoedya Putra Suhardi,Malut United FC,92,18,Indonesia
Pualam Bahari,PSBS Biak,236,23,Indonesia
Putra Sheva Sanggasi,PERSIB Bandung,13,21,Indonesia
Rachmat Irianto,PERSIB Bandung,654,25,Indonesia
Rahmad Dandy Sonriza,Borneo FC Samarinda,160,22,Indonesia
Rahmat Arjuna Reski,Bali United FC,1747,21,Indonesia
Rahmat Beri Santoso,PS Barito Putera,277,21,Indonesia
Rahmat Syawal,PSIS Semarang,793,19,Indonesia
Raka Cahyana Rizky Satrio,PERSIJA Jakarta,309,21,Indonesia
Ramadhan,Semen Padang FC,194,23,Indonesia
Ramiro Ezequiel Fergonzi,PERSIK Kediri,2500,36,Argentina
Ramon Bueno Gozalbo,PERSIJA Jakarta,2124,30,Spain
Randy Hanson Christian May,PERSEBAYA Surabaya,82,24,Indonesia
Rangga Muslim Perkasa,Dewa United FC,62,31,Indonesia
Rasyid Assahid Bakri,PSM Makassar,3,34,Indonesia
Reiva Apriliansyah,PSIS Semarang,646,19,Indonesia
Relosa Rivan Satria Hutama,PSS Sleman,64,19,Indonesia
Renan Da Silva Alves,PS Barito Putera,1170,32,Brazil
Resky Fandi Witriawan,PERSIJA Jakarta,318,25,Indonesia
Reva Adi Utama,Dewa United FC,1495,28,Indonesia
Rezin Diop Wamu,PSS Sleman,6,22,Indonesia
Rian Miziar,PERSIS Solo,430,34,Indonesia
Ricardo Régis Aparecido de Lima,PERSIS Solo,591,31,Brazil
Ricki Ariansyah,Semen Padang FC,2109,27,Indonesia
Ricky Fajrin Saputra,Bali United FC,2317,29,Indonesia
Ricky Kambuaya,Dewa United FC,2060,29,Indonesia
Ricky Pratama,PSM Makassar,1329,22,Indonesia
Ricky Ricardo Cristian G. T. Cawor,Borneo FC Samarinda,222,27,Indonesia
Ricky Ricardo Cristian G. T. Cawor,PSS Sleman,369,27,Indonesia
Ridho Syuhada Putra,PSIS Semarang,1200,20,Indonesia
Rifal Lastori,Malut United FC,530,27,Indonesia
Rifky Dwi Septiawan,PERSITA Tangerang,1219,23,Indonesia
Rifqi Ray Farandi,PERSIK Kediri,797,20,Indonesia
Riki Togubu,Malut United FC,6,27,Indonesia
Riko Simanjuntak,PERSIJA Jakarta,728,33,Indonesia
Riko Simanjuntak,PSS Sleman,860,33,Indonesia
Ripal Wahyudi,PERSIS Solo,829,24,Indonesia
Risto Mitrevski,Dewa United FC,2536,33,North Macedonia
Riswan H Lauhim,PERSEBAYA Surabaya,451,26,Indonesia
Rivaldo Enero Pakpahan,Borneo FC Samarinda,1759,22,Indonesia
Riyan Ardiansyah,PSIS Semarang,2457,29,Indonesia
Riyatno Abiyoso,PERSIK Kediri,1446,26,Indonesia
Rizdjar Nurviat Subagja,Borneo FC Samarinda,46,19,Indonesia
Rizky Dwi Febrianto,PERSIS Solo,1689,28,Indonesia
Rizky Dwi Pangestu,PERSEBAYA Surabaya,638,26,Indonesia
Rizky Ridho Ramadhani,PERSIJA Jakarta,2704,23,Indonesia
Rizky Rizaldi Pora,PS Barito Putera,1196,35,Indonesia
Roberto Pimenta Vinagre Filho,PSS Sleman,2005,33,Brazil
Robi Darwis,PERSIB Bandung,687,21,Indonesia
Roger Bonet Badia,PSIS Semarang,1820,30,Spain
Rohit Chand,PERSIK Kediri,1534,33,Nepal
Ronaldo Rodrigues de Souza,Borneo FC Samarinda,1981,32,Brazil
Rosad Setiawan,Semen Padang FC,2159,28,Indonesia
Rosembergne da Silva,Borneo FC Samarinda,2131,28,Brazil
Rui Angelo Aiboy,PSBS Biak,30,21,Indonesia
Ryan Kurnia,PERSIB Bandung,659,28,Indonesia
Ryo Matsumura,PERSIJA Jakarta,2577,30,Japan
Ryohei Michibuchi,Semen Padang FC,1058,30,Japan
Ryuji Utomo Prabowo,PERSITA Tangerang,1328,29,Indonesia
Safrudin Tahar,Malut United FC,2858,31,Indonesia
Salim Akbar Tuharea,AREMA FC,1384,21,Indonesia
Samuel Gideon Balinsa,AREMA FC,797,31,Indonesia
Sandi Arta Samosir,Madura United FC,92,23,Indonesia
Sandro Sene Aníbal Embalo,PERSITA Tangerang,1177,29,Portugal
Satria Tama Hardianto,PS Barito Putera,2042,28,Indonesia
Septian David Maulana,PSIS Semarang,2261,28,Indonesia
Septian Satria Bagaskara,Dewa United FC,1103,27,Indonesia
Sho Yamamoto,PERSIS Solo,2668,28,Japan
Sin Yeong Bae,PERSITA Tangerang,2349,32,South Korea
Slavko Damjanovic,PERSEBAYA Surabaya,2473,32,Montenegro
Sneyder Julián Guevara Muñoz,AREMA FC,2028,33,Colombia
Sonny Ricardo Marciano,Dewa United FC,3150,32,Netherlands
Sony Norde,Malut United FC,998,35,Haiti
Stefano Jantje Lilipaly,Borneo FC Samarinda,1603,35,Indonesia
Sudi Abdallah,PSIS Semarang,960,25,Burundi
Sukandar Rumidi Kansai,PSBS Biak,90,21,Indonesia
Sulthan Zaky Pramana Putra Razak,PSM Makassar,22,19,Indonesia
Sutanto Tan,PERSIS Solo,1719,31,Indonesia
Syaeful Anwar,AREMA FC,326,30,Indonesia
Syahrian Abimanyu,PERSIJA Jakarta,530,26,Indonesia
Syahrul Ramadhan Lasinari,PSM Makassar,2547,25,Indonesia
Syahrul Trisna Fadillah,PSIS Semarang,1415,29,Indonesia
Taisei Marukawa,Dewa United FC,2757,27,Japan
Takuya Matsunaga,PSBS Biak,1983,34,Japan
Tamirlan Kozubaev,PERSITA Tangerang,1325,30,Kyrgistan
Tatsuro Nagamatsu,Malut United FC,397,30,Japan
Taufee Skandari,PSIS Semarang,313,26,Afghanistan
Taufik Hidayat,Bali United FC,29,25,Indonesia
Taufik Hidayat,Bali United FC,29,32,Indonesia
Taufik Hidayat,Madura United FC,2120,25,Indonesia
Taufik Hidayat,Madura United FC,2120,32,Indonesia
Tegar Infantrie Sukamto,PS Barito Putera,730,26,Indonesia
Teguh Amiruddin,Semen Padang FC,810,31,Indonesia
Teja Paku Alam,PERSIB Bandung,630,31,Indonesia
Terens Owang Priska Puhiri,Borneo FC Samarinda,689,28,Indonesia
Thales Natanael Lira de Matos,AREMA FC,2467,32,Brazil
Theo Fillo B.D. Numberi,Dewa United FC,459,23,Indonesia
Thomas Wandikbo,PSBS Biak,46,22,Indonesia
Tin Martic,Semen Padang FC,2558,29,Croatia
Tito Okello,PSM Makassar,576,28,Uganda
Todd Rivaldo Albert Ferre,PSBS Biak,657,26,Indonesia
Toni Firmansyah,PERSEBAYA Surabaya,1092,20,Indonesia
Tri Setiawan,PSIS Semarang,1640,21,Indonesia
Tyronne Gustavo del Pino Ramos,PERSIB Bandung,2451,34,Spain
Vava Mario Yagalo,PERSIK Kediri,1169,32,Indonesia
Victor Chukwuekezie Igbonefo,PERSIB Bandung,184,39,Indonesia
Victor Jonson Benjamin Dethan,PSM Makassar,1506,20,Indonesia
Victor Luiz Prestes Filho,PSM Makassar,2748,27,Brazil
Vinicius Duarte,PSS Sleman,1231,28,Brazil
Wagner Augusto Guimarães dos Santos,Madura United FC,1260,27,Brazil
Wagner Augusto Guimarães dos Santos,Malut United FC,1350,27,Brazil
Wahyu Prasetyo,Malut United FC,2398,27,Indonesia
Wahyudi Setiawan Hamisi,PSS Sleman,1117,27,Indonesia
Wawan Hendrawan,PS Barito Putera,120,42,Indonesia
Wbeymar Angulo Mosquera,Malut United FC,2926,33,Armenia
Wiliam Moreira da Silva Marcilio,AREMA FC,1269,28,Indonesia
Williams José Lugo Ladera,PSBS Biak,1980,28,Venezuela
Witan Sulaeman,PERSIJA Jakarta,1164,23,Indonesia
Yabes Roni Malaifani,Bali United FC,1144,30,Indonesia
Yakob Sayuri,Malut United FC,2178,27,Indonesia
Yance Sayuri,Malut United FC,2734,27,Indonesia
Yandi Sofyan Munawar,Malut United FC,92,33,Indonesia
Yandi Sofyan Munawar,PERSIJA Jakarta,162,33,Indonesia
Yardan Yafi,PERSITA Tangerang,1300,21,Indonesia
Yohanes Kandaimu,PSBS Biak,63,29,Indonesia
Youssef Ezzejjari Lhasnaoui,Madura United FC,805,32,Spain
Youssef Ezzejjari Lhasnaoui,PS Barito Putera,533,32,Spain
Yuda Editya Pratama,Madura United FC,5,20,Indonesia
Yuran Fernandes Rocha Lopes,PSM Makassar,2159,30,Cape Verde
Yusef Elias Dolah,Bali United FC,2519,32,Thailand
Yusuf Meilana Fuad Burhani,PERSIK Kediri,2175,27,Indonesia
Yuswanto Aditya,PS Barito Putera,926,25,Indonesia
Zalnando,PERSIB Bandung,354,28,Indonesia
Zalnando,PSIS Semarang,820,28,Indonesia
Zanadin Fariz,PERSIS Solo,1214,20,Indonesia
Zico Uldha Febrianatta,PSIS Semarang,8,23,Indonesia
Zidane Pramudiya Affandi,Semen Padang FC,958,23,Indonesia
Zikri Ferdiansyah,PERSIK Kediri,45,21,Indonesia
Zulkifli Yahya,Semen Padang FC,45,20,Indonesia
